HỆ THỐNG DỮ LIỆU LỘ TRÌNH CHI TIẾT & TỪ KHÓA ĐIỂM MỐC (SEARCH ENGINE & AUTOCOMPLETE INDEX),,,,,
"Cơ sở dữ liệu hỗ trợ công cụ tìm kiếm tự do điểm A - B theo tên đường, trường đại học, bệnh viện, ga metro, bến xe, chợ và trung tâm thương mại.",,,,,
route_id,direction_type,origin,destination,path_streets,key_landmarks
01,Lượt đi,Ga Ba Son,Bến xe buýt Chợ Lớn,Ga Ba Son - Tôn Đức Thắng - Nguyễn Siêu - Hai Bà Trưng - Hàm Nghi - Trần Hưng Đạo - Nguyễn Tri Phương - Châu Văn Liêm - Trang Tử - Bến xe Chợ Lớn (Bến A),"Ga Metro Ba Son, Chợ Bến Thành, Bệnh viện Răng Hàm Mặt, Chợ An Đông, Chợ Kim Biên, Bến xe Chợ Lớn"
01,Lượt về,Bến xe buýt Chợ Lớn,Ga Ba Son,Bến xe Chợ Lớn (Bến A) - Trang Tử - Châu Văn Liêm - Nguyễn Tri Phương - Trần Hưng Đạo - Hàm Nghi - Hồ Tùng Mậu - Tôn Đức Thắng - Ga Ba Son,"Bến xe Chợ Lớn, Chợ Lớn Bến A, Bệnh viện Chấn thương Chỉnh hình, Ga Bến Thành, Ga Metro Ba Son"
03,Lượt đi,Bến Thành,Thạnh Xuân,Bến xe buýt Sài Gòn - Phạm Ngũ Lão - Pasteur - Hai Bà Trưng - Phan Đình Phùng - Nguyễn Kiệm - Nguyễn Oanh - Hà Huy Giáp - Bến Thạnh Xuân 52,"Bến Thành, Bến xe Sài Gòn, Công viên 23/9, Chợ Tân Định, Ngã 6 Gò Vấp, Cầu An Lộc, Thạnh Xuân 52"
03,Lượt về,Thạnh Xuân,Bến Thành,Bến Thạnh Xuân 52 - Hà Huy Giáp - Nguyễn Oanh - Nguyễn Kiệm - Phan Đình Phùng - Hai Bà Trưng - Trần Hưng Đạo - Phạm Ngũ Lão - Bến xe buýt Sài Gòn,"Thạnh Xuân 52, Cầu An Lộc, Ngã 6 Gò Vấp, Chợ Tân Định, Bến xe Sài Gòn, Chợ Bến Thành"
04,Lượt đi,Bến Thành,Bến xe An Sương,Bến xe Sài Gòn - Phạm Ngũ Lão - Hàm Nghi - Pasteur - Võ Thị Sáu - Nam Kỳ Khởi Nghĩa - Nguyễn Văn Trỗi - Cộng Hòa - Trường Chinh - Quốc lộ 22 - BX An Sương,"Bến Thành, Bệnh viện Mắt TP.HCM, Cầu Công Lý, Lotte Mart Tân Bình, Pandora City, Ngã tư An Sương, Bến xe An Sương"
04,Lượt về,Bến xe An Sương,Bến Thành,Bến xe An Sương - Quốc lộ 22 - Trường Chinh - Cộng Hòa - Hoàng Văn Thụ - Nguyễn Văn Trỗi - Nam Kỳ Khởi Nghĩa - Lê Lợi - Bến xe Sài Gòn,"Bến xe An Sương, Ngã tư An Sương, Pico Plaza Cộng Hòa, Công viên Hoàng Văn Thụ, Dinh Độc Lập, Bến Thành"
SWB1,Lượt đi,Bến thủy Bạch Đằng,Linh Đông,Bến Bạch Đằng - Sông Sài Gòn - Bến Sài Gòn Pearl - Bến Bình An - Bến Thảo Điền - Bến Tầm Vu - Bến Thanh Đa - Bến Bình Triệu - Bến Hiệp Bình Chánh - Bến Linh Đông,"Bến thủy Bạch Đằng, Vinhomes Central Park, Landmark 81, Masteri Thảo Điền, Cư xá Thanh Đa, ĐH Luật TP.HCM, Kha Vạn Cân"
SWB1,Lượt về,Linh Đông,Bến thủy Bạch Đằng,Bến Linh Đông - Bến Hiệp Bình Chánh - Bến Bình Triệu - Bến Thanh Đa - Bến Tầm Vu - Bến Thảo Điền - Bến Bình An - Bến Sài Gòn Pearl - Bến Bạch Đằng,"Bến Linh Đông, Bến Bình Quới, Bến Thanh Đa, Bến Thảo Điền, Bến Bạch Đằng, Phố đi bộ Nguyễn Huệ"
MRT1,Lượt đi,Ga Bến Thành,Ga Suối Tiên,Ga Bến Thành ngầm - Ga Nhà hát Thành phố - Ga Ba Son - Ga Văn Thánh - Ga Tân Cảng - Ga Thảo Điền - Ga An Phú - Ga Rạch Chiếc - Ga Phước Long - Ga Bình Thái - Ga Thủ Đức - Ga KCNC - Ga ĐH Quốc Gia - Ga Suối Tiên,"Ga Bến Thành, Nhà hát TP, Ga Ba Son, Landmark 81 Tân Cảng, Vincom Mega Mall Thảo Điền, Khu Công nghệ cao TP.HCM, ĐH Quốc Gia, Suối Tiên"
MRT1,Lượt về,Ga Suối Tiên,Ga Bến Thành,Ga Suối Tiên - Ga ĐH Quốc Gia - Ga KCNC - Ga Thủ Đức - Ga Bình Thái - Ga Phước Long - Ga Rạch Chiếc - Ga An Phú - Ga Thảo Điền - Ga Tân Cảng - Ga Văn Thánh - Ga Ba Son - Ga Nhà hát TP - Ga Bến Thành,"Bến xe Miền Đông mới, KDL Suối Tiên, Làng ĐH Quốc Gia, Vincom Thủ Đức, Masteri Thảo Điền, Pearl Plaza Văn Thánh, Chợ Bến Thành"
HS-07,Hai chiều,Đường Rừng Sác,Trường THPT Bình Khánh,Đường Rừng Sác Cần Giờ - Đường Lương Văn Nho - Trường THCS Bình Khánh - Trường THPT Bình Khánh,"Đường Rừng Sác, Phà Bình Khánh, Trường THCS Bình Khánh, Trường THPT Bình Khánh Cần Giờ"
HS-06,Hai chiều,Bà Xán,Trường THPT Bình Khánh,Ấp Bà Xán - Đường Rừng Sác - Tam Thôn Hiệp - Cầu Dần Xây - Trường THPT Bình Khánh,"Bà Xán Cần Giờ, Rừng Sác, Trường THCS Bình Khánh, Trường THPT Bình Khánh"
05,Lượt đi,Bến xe buýt Chợ Lớn,Bến xe Biên Hòa,BX Chợ Lớn - Hồng Bàng - Ngô Gia Tự - Nguyễn Thị Minh Khai - Xô Viết Nghệ Tĩnh - Quốc lộ 13 - Kha Vạn Cân - Quốc lộ 1K - Bến xe Biên Hòa,"Bến xe Chợ Lớn, ĐH Khoa học Tự nhiên, Chợ Thị Nghè, Cầu Bình Triệu, Chợ Thủ Đức, Ga Dĩ An, Bến xe Biên Hòa Đồng Nai"
05,Lượt về,Bến xe Biên Hòa,Bến xe buýt Chợ Lớn,Bến xe Biên Hòa - Quốc lộ 1K - Kha Vạn Cân - Quốc lộ 13 - Đinh Bộ Lĩnh - Điện Biên Phủ - Đinh Tiên Hoàng - Nguyễn Thị Minh Khai - Ngô Gia Tự - Hồng Bàng - BX Chợ Lớn,"Bến xe Biên Hòa, Bến xe Miền Đông cũ, ĐH HUTECH, Thảo Cầm Viên, Bệnh viện Hùng Vương, Bến xe Chợ Lớn"
06,Lượt đi,Bến xe buýt Chợ Lớn,Đại học Nông Lâm,BX Chợ Lớn - Hồng Bàng - An Dương Vương - Nguyễn Văn Cừ - Lý Thái Tổ - Điện Biên Phủ - Xa lộ Hà Nội - Võ Nguyên Giáp - Đỗ Xuân Hợp - Lê Văn Việt - ĐH Sư phạm Kỹ thuật - ĐH Nông Lâm,"Bến xe Chợ Lớn, ĐH Sư Phạm TP.HCM, ĐH Sài Gòn, ĐH Kinh Tế TP.HCM, ĐH Quốc Tế Hồng Bàng, Ngã 4 Thủ Đức, ĐH Sư phạm Kỹ thuật, Trường ĐH Nông Lâm"
06,Lượt về,Đại học Nông Lâm,Bến xe buýt Chợ Lớn,ĐH Nông Lâm - Quốc lộ 1 - Võ Nguyên Giáp - Điện Biên Phủ - Đinh Tiên Hoàng - Võ Thị Sáu - CMT8 - Nguyễn Thị Minh Khai - Nguyễn Văn Cừ - Trần Phú - Trần Hưng Đạo - Châu Văn Liêm - BX Chợ Lớn,"ĐH Nông Lâm, KDL Suối Tiên, Ngã 4 Thủ Đức, ĐH HUTECH, ĐH KHXH&NV, Bệnh viện Chợ Rẫy, Bến xe Chợ Lớn"
07,Lượt đi,Bến xe buýt Chợ Lớn,Gò Vấp,BX Chợ Lớn - Ngô Quyền - Nguyễn Tri Phương - 3 Tháng 2 - Lý Chính Thắng - Hai Bà Trưng - Phan Đình Phùng - Nguyễn Kiệm - Nguyễn Thái Sơn - Phạm Ngũ Lão - Bãi hậu cần số 1 Gò Vấp,"Bến xe Chợ Lớn, Ga Sài Gòn, Lê Văn Sỹ, Bệnh viện An Sinh, Bệnh viện 175, Công viên Gia Định, Bãi hậu cần số 1 Gò Vấp"
07,Lượt về,Gò Vấp,Bến xe buýt Chợ Lớn,Bãi hậu cần Gò Vấp - Nguyễn Thái Sơn - Phan Văn Trị - Nguyễn Oanh - Phan Đình Phùng - Hai Bà Trưng - Trần Quốc Toản - Nam Kỳ Khởi Nghĩa - CMT8 - Nguyễn Tri Phương - Hồng Bàng - BX Chợ Lớn,"Bãi hậu cần Gò Vấp, Chợ Gò Vấp, Bệnh viện Quân y 175, Cầu Kiệu, Ga Sài Gòn, Bến xe Chợ Lớn"
08,Lượt đi,Bến xe buýt Quận 8,Đại học Quốc gia,BX Quận 8 - Tùng Thiện Vương - Cầu Chà Và - Hải Thượng Lãn Ông - Lý Thường Kiệt - Hoàng Văn Thụ - Phan Đăng Lưu - Bạch Đằng - Phạm Văn Đồng - Kha Vạn Cân - Võ Văn Ngân - ĐH Sư phạm Kỹ thuật - ĐH Quốc gia (Khu A),"Bến xe Quận 8, Chợ Kim Biên, ĐH Bách Khoa TP.HCM (Lý Thường Kiệt), Bệnh viện Thống Nhất, Chợ Bà Chiểu, Vincom Thủ Đức, Nhà văn hóa Sinh viên, Bến xe Khu A ĐH Quốc gia"
08,Lượt về,Đại học Quốc gia,Bến xe buýt Quận 8,ĐH Quốc gia (Khu A) - ĐHQG - Võ Văn Ngân - Kha Vạn Cân - Phạm Văn Đồng - Bạch Đằng - Phan Đăng Lưu - Hoàng Văn Thụ - Xuân Diệu - Lý Thường Kiệt - Hồng Bàng - Cầu Chà Và - BX Quận 8,"Khu đô thị ĐH Quốc gia, Chợ Thủ Đức, Ngã tư Phú Nhuận, ĐH Bách Khoa TP.HCM, Bệnh viện Chợ Rẫy, Bến xe Quận 8"
09,Lượt đi,Bến xe buýt Chợ Lớn,Bình Chánh - Hưng Long,BX Chợ Lớn - Hồng Bàng - Kinh Dương Vương - Quốc lộ 1 - Đinh Đức Thiện - Hương Lộ 11 - Bến xe Hưng Long Bình Chánh,"Bến xe Chợ Lớn, Bến xe Miền Tây, Vòng xoay An Lạc, Chợ Bình Chánh, UBND Xã Hưng Long"
09,Lượt về,Bình Chánh - Hưng Long,Bến xe buýt Chợ Lớn,Bến xe Hưng Long - Hương Lộ 11 - Đinh Đức Thiện - Quốc lộ 1 - Kinh Dương Vương - Hồng Bàng - Trang Tử - BX Chợ Lớn,"Bến Hưng Long, Chợ Bình Chánh, Bệnh viện Triều An, Bến xe Miền Tây, Bến xe Chợ Lớn"
10,Lượt đi,Đại học Quốc Gia,Bến xe Miền Tây,BX ĐH Quốc Gia - Võ Nguyên Giáp - Cầu Sài Gòn - Điện Biên Phủ - Đinh Tiên Hoàng - Võ Thị Sáu - 3 Tháng 2 - Lê Hồng Phong - Hồng Bàng - Hậu Giang - Kinh Dương Vương - BX Miền Tây,"Bến xe ĐH Quốc Gia, KDL Suối Tiên, Pearl Plaza, ĐH Kinh Tế TP.HCM, Bệnh viện Nhi Đồng 1, Chợ Cây Gõ, Bến xe Miền Tây"
10,Lượt về,Bến xe Miền Tây,Đại học Quốc Gia,BX Miền Tây - Kinh Dương Vương - Hồng Bàng - 3 Tháng 2 - Lý Chính Thắng - Hai Bà Trưng - Điện Biên Phủ - Võ Nguyên Giáp - BX ĐH Quốc Gia,"Bến xe Miền Tây, Bệnh viện Chợ Rẫy, Nhà hát Hòa Bình, Hàng Xanh, Masteri An Phú, Ga ĐH Quốc Gia"
100,Hai chiều,Bến xe Củ Chi,Cầu Tân Thái,Bến xe Củ Chi - Quốc lộ 22 - Tỉnh lộ 7 - Ngã tư Phước Thạnh - Cầu Tân Thái (ranh Tây Ninh),"Bến xe Củ Chi, Chợ Phước Thạnh, Trường THPT Quang Trung Củ Chi, Cầu Tân Thái Thái Mỹ"
101,Hai chiều,Bến xe buýt Chợ Lớn,Chợ Tân Nhựt,BX Chợ Lớn - Chu Văn An - Phạm Văn Chí - Cầu Phạm Văn Chí - Võ Văn Kiệt - Quốc lộ 1 - Thế Lữ - Chợ Tân Nhựt Bình Chánh,"Bến xe Chợ Lớn, Cầu Lò Gốm, Đại lộ Võ Văn Kiệt, Bệnh viện Nhi đồng Thành phố, Chợ Tân Nhựt Bình Chánh"
102,Lượt đi,Bến xe buýt Sài Gòn,Bến xe Miền Tây,Bến xe Sài Gòn - Phạm Ngũ Lão - Nguyễn Tất Thành - Cầu Tân Thuận 2 - Nguyễn Văn Linh - TTTM Bình Điền - Quốc lộ 1 - Kinh Dương Vương - BX Miền Tây,"Bến xe Sài Gòn, Cảng Sài Gòn, ĐH RMIT, ĐH Tôn Đức Thắng, VivoCity, Crescent Mall, Chợ Đầu mối Bình Điền, Bến xe Miền Tây"
102,Lượt về,Bến xe Miền Tây,Bến xe buýt Sài Gòn,BX Miền Tây - Kinh Dương Vương - Quốc lộ 1 - Nguyễn Văn Linh - Huỳnh Tấn Phát - Nguyễn Tất Thành - Hàm Nghi - Bến xe Sài Gòn,"Bến xe Miền Tây, TTTM Bình Điền, KDC Phú Mỹ Hưng, Bệnh viện FV, Cầu Khánh Hội, Bến xe Sài Gòn"
103,Lượt đi,Bến xe buýt Chợ Lớn,Bến xe Ngã tư Ga,BX Chợ Lớn - Lý Thường Kiệt - Hoàng Văn Thụ - Phan Đình Giót - Trường Sơn - Ga Quốc tế/Quốc nội TSN - Bạch Đằng - Nguyễn Kiệm - Quang Trung - Bến xe Ngã Tư Ga,"Bến xe Chợ Lớn, ĐH Bách Khoa, Sân bay Tân Sơn Nhất (Ga T1/T2), Công viên Gia Định, Chợ Hạnh Thông Tây, Bến xe Ngã Tư Ga"
103,Lượt về,Bến xe Ngã tư Ga,Bến xe buýt Chợ Lớn,BX Ngã Tư Ga - Quốc lộ 1 - Quang Trung - Nguyễn Kiệm - Bạch Đằng - Sân bay Tân Sơn Nhất - Hoàng Văn Thụ - Lý Thường Kiệt - Hồng Bàng - BX Chợ Lớn,"Bến xe Ngã Tư Ga, Chợ Gò Vấp, Sân bay Tân Sơn Nhất, Bệnh viện Thống Nhất, Bến xe Chợ Lớn"
104,Lượt đi,Bến xe An Sương,Bến xe buýt Văn Thánh,BX An Sương - Trường Chinh - KCN Tân Bình - Cộng Hòa - Hoàng Văn Thụ - Phan Đăng Lưu - Bạch Đằng - Điện Biên Phủ - Bến xe Văn Thánh,"Bến xe An Sương, KCN Tân Bình, Pico Plaza, Ngã tư Phú Nhuận, Chợ Bà Chiểu, ĐH HUTECH, Ga Văn Thánh"
104,Lượt về,Bến xe buýt Văn Thánh,Bến xe An Sương,BX Văn Thánh - Điện Biên Phủ - Đinh Bộ Lĩnh - Bạch Đằng - Phan Đăng Lưu - Hoàng Văn Thụ - Cộng Hòa - Trường Chinh - BX An Sương,"Bến xe Văn Thánh, Hàng Xanh, Bệnh viện Gia Định, Lotte Mart Tân Bình, Bến xe An Sương"
107,Hai chiều,Bến xe Củ Chi,Bố Heo,Bến xe Củ Chi - Quốc lộ 22 - Tỉnh lộ 7 - Hương lộ 2 - Bến đò Bố Heo Củ Chi,"Bến xe Củ Chi, Ngã tư Phước Thạnh, UBND Xã Trung Lập Hạ, Bến đò Bố Heo"
109,Hai chiều,Bến xe buýt Sài Gòn,Sân bay Tân Sơn Nhất,Bến xe Sài Gòn - Lê Lai - Phạm Hồng Thái - Cách Mạng Tháng 8 - Nguyễn Thị Minh Khai - Nam Kỳ Khởi Nghĩa - Nguyễn Văn Trỗi - Bạch Đằng - Ga Quốc nội & Ga Quốc tế (Nhà ga T3),"Bến xe Sài Gòn, Công viên 23/9, Chợ Bến Thành, Dinh Độc Lập, Viện Pastuer, Ga Sài Gòn, Sân bay Tân Sơn Nhất (Nhà ga T3)"
110,Hai chiều,Hiệp Phước,Phước Lộc,Bến xe Cầu Kênh Lộ - Nguyễn Văn Tạo - KCN Hiệp Phước - Lê Văn Lương - Cầu Long Kiểng - Bến đò Bảy Bé (Ấp 3 Phước Lộc Nhà Bè),"Bến xe Kênh Lộ, KCN Long Hậu Hiệp Phước, Cầu Rạch Tôm, Cầu Long Kiểng, Bến đò Bảy Bé Phước Lộc Nhà Bè"
122,Hai chiều,Bến xe An Sương,Tân Quy,Bến xe An Sương - Quốc lộ 22 - Bà Triệu - Đỗ Văn Dậy - Tỉnh lộ 15 - Chợ Tân Quy - Bến xe buýt Tân Quy Củ Chi,"Bến xe An Sương, Chợ Hóc Môn, Chùa Hoằng Pháp, Ngã 3 Tân Quy, Bến xe Tân Quy Củ Chi"
126,Hai chiều,Bến xe Củ Chi,Bình Mỹ,Bến xe Củ Chi - Tỉnh lộ 8 - Cầu vượt Củ Chi - Tân Quy - Bình Mỹ - Bến đò Bình Mỹ (ranh Bình Dương),"Bến xe Củ Chi, Chợ Tân Quy, KCN Đông Nam, Bến đò Bình Mỹ Thủ Dầu Một"
127,Hai chiều,An Thới Đông,Ngã ba Bà Xán,Bến đò An Thới Đông - Đường Rừng Sác - Tam Thôn Hiệp - Ngã ba Bà Xán Cần Giờ,"Bến đò An Thới Đông, Rừng Ngập mặn Cần Giờ, Tam Thôn Hiệp, Ngã ba Bà Xán"
128,Hai chiều,Tân Điền,An Nghĩa,Trạm y tế Tân Điền - Đường Lý Nhơn - Cầu Vàm Sát 2 - Đường Rừng Sác - Trường THPT An Nghĩa,"Trạm y tế Tân Điền, Khu du lịch sinh thái Vàm Sát, Cầu Vàm Sát 2, THPT An Nghĩa Cần Giờ"
13,Lượt đi,Bến xe buýt Sài Gòn,Bến xe Củ Chi,Bến xe Sài Gòn - Cách Mạng Tháng Tám - Hoàng Văn Thụ - Xuân Diệu - Trường Chinh - Quốc lộ 22 - Bến xe Củ Chi,"Bến xe Sài Gòn, Công viên Tao Đàn, Ngã 4 Bảy Hiền, Bến xe An Sương, Cầu An Hạ, TT Củ Chi, Bến xe Củ Chi"
13,Lượt về,Bến xe Củ Chi,Bến xe buýt Sài Gòn,Bến xe Củ Chi - Quốc lộ 22 - Trường Chinh - Cách Mạng Tháng Tám - Nguyễn Thị Nghĩa - Lê Lai - Bến xe Sài Gòn,"Bến xe Củ Chi, KCN Tây Bắc, Bến xe An Sương, Bệnh viện Thống Nhất, Công viên 23/9, Bến xe Sài Gòn"
139,Hai chiều,Bến xe Miền Tây,Khu Tái Định Cư Phú Mỹ,BX Miền Tây - Kinh Dương Vương - Hồng Bàng - Nguyễn Văn Cừ - Cầu Ông Lãnh - Hoàng Diệu - Khánh Hội - Nguyễn Hữu Thọ - Phạm Hữu Lầu - Chung cư Kỷ Nguyên Phú Mỹ,"Bến xe Miền Tây, ĐH Sư Phạm TP.HCM, ĐH Cảnh Sát Nhân Dân, Lotte Mart Quận 7, KDC Kỷ Nguyên Phú Mỹ"
14,Lượt đi,Bến xe Miền Đông,Bến xe Miền Tây,Bến xe Miền Đông cũ - Đinh Bộ Lĩnh - Bạch Đằng - Xô Viết Nghệ Tĩnh - Nguyễn Thị Minh Khai - 3 Tháng 2 - Hồng Bàng - Kinh Dương Vương - BX Miền Tây,"Bến xe Miền Đông, Hàng Xanh, Thảo Cầm Viên, ĐH Y Dược TP.HCM, Bệnh viện Hùng Vương, Chợ Phú Lâm, Bến xe Miền Tây"
14,Lượt về,Bến xe Miền Tây,Bến xe Miền Đông,BX Miền Tây - Kinh Dương Vương - Hồng Bàng - 3 Tháng 2 - Nguyễn Thị Minh Khai - Xô Viết Nghệ Tĩnh - Quốc lộ 13 - BX Miền Đông cũ,"Bến xe Miền Tây, Bệnh viện Chợ Rẫy, Bệnh viện Từ Dũ, ĐH KHXH&NV, Bến xe Miền Đông"
140,Hai chiều,Bến xe buýt Sài Gòn,Khu dân cư Phú Lợi,Bến xe Sài Gòn - Phạm Thế Hiển - Cầu Nhị Thiên Đường - Quốc lộ 50 - Nguyễn Văn Linh - Đường D2 - KDC Phú Lợi Q8,"Bến xe Sài Gòn, Chợ Xóm Củi, Bệnh viện Quận 8, Đại học Văn Hiến, KDC Phú Lợi"
141,Hai chiều,Khu du lịch BCR,KCX Linh Trung II,KDL The BCR - Tam Đa - Nguyễn Duy Trinh - Lã Xuân Oai - Lê Văn Việt - Ngã tư Thủ Đức - Tô Ngọc Vân - Cổng sau KCX Linh Trung II,"KDL The BCR, ĐH Giao thông Vận tải (Cơ sở 2), Vincom Plaza Lê Văn Việt, Ga Thủ Đức, Ngã tư Thủ Đức, KCX Linh Trung 2"
145,Hai chiều,Bến xe buýt Chợ Lớn,Chợ Hiệp Thành,BX Chợ Lớn - Lý Thường Kiệt - Hoàng Văn Thụ - Trường Chinh - Ngã tư Trung Chánh - Nguyễn Ảnh Thủ - Bến xe Hiệp Thành Q12,"Bến xe Chợ Lớn, ĐH Bách Khoa, Bệnh viện Thống Nhất, Ngã tư An Sương, Chợ Trung Chánh, Bến xe Hiệp Thành"
146,Hai chiều,Bến xe Miền Đông,Chợ Hiệp Thành,Bến xe Miền Đông cũ - Nơ Trang Long - Phan Đăng Lưu - Hoàng Văn Thụ - Nguyễn Văn Nghi - Lê Đức Thọ - Nguyễn Văn Quá - Bến xe Hiệp Thành,"Bến xe Miền Đông, Bệnh viện Ung Bướu, Chợ Gò Vấp, Chợ Cầu, Bến xe Hiệp Thành"
148,Hai chiều,Bến xe Miền Tây,Gò Vấp,BX Miền Tây - Hậu Giang - Minh Phụng - Bình Thới - Lạc Long Quân - Lý Thường Kiệt - Hoàng Văn Thụ - Nguyễn Thái Sơn - Bãi hậu cần số 1 Gò Vấp,"Bến xe Miền Tây, Chợ Cây Gõ, Đầm Sen, ĐH Bách Khoa, Sân bay Tân Sơn Nhất, Công viên Gia Định, Bãi hậu cần Gò Vấp"
15,Hai chiều,Chợ Phú Định,Đầm Sen,Chợ Phú Định - An Dương Vương - Hồ Học Lãm - Quốc lộ 1 - Hương Lộ 2 - Hòa Bình - Công viên Văn hóa Đầm Sen,"Chợ Phú Định, THPT Chuyên NK TTDTT Nguyễn Thị Định, Bệnh viện Bình Tân, CVVH Đầm Sen"
150,Lượt đi,Bến xe buýt Chợ Lớn,Bến xe Miền Đông mới,BX Chợ Lớn - Hồng Bàng - An Dương Vương - Trần Phú - Điện Biên Phủ - Cầu Sài Gòn - Võ Nguyên Giáp - Xa lộ Hà Nội - BX Miền Đông mới,"Bến xe Chợ Lớn, ĐH Sư Phạm, ĐH Kinh Tế TP.HCM, Pearl Plaza, Ga Thảo Điền, Ga Bình Thái, Ga Suối Tiên, Bến xe Miền Đông mới"
150,Lượt về,Bến xe Miền Đông mới,Bến xe buýt Chợ Lớn,BX Miền Đông mới - Xa lộ Hà Nội - Võ Nguyên Giáp - Cầu Sài Gòn - Điện Biên Phủ - Đinh Tiên Hoàng - Võ Thị Sáu - CMT8 - Nguyễn Tri Phương - BX Chợ Lớn,"Bến xe Miền Đông mới, Suối Tiên, Ga Thủ Đức, Hàng Xanh, Chợ Bến Thành, Bệnh viện Chợ Rẫy, Bến xe Chợ Lớn"
151,Hai chiều,Bến xe Miền Tây,Bến xe An Sương,BX Miền Tây - Kinh Dương Vương - Hồ Học Lãm - Quốc lộ 1 - Ngã tư Bà Điểm - BX An Sương,"Bến xe Miền Tây, Bệnh viện Triều An, Vòng xoay An Lạc, KCN Tân Tạo, Ngã tư An Sương, Bến xe An Sương"
152,Hai chiều,KDC Trung Sơn,Sân bay Tân Sơn Nhất,KDC Trung Sơn - Cầu Kênh Xáng - Dương Bá Trạc - Cầu Nguyễn Văn Cừ - Trần Hưng Đạo - Bến Thành - Pasteur - Nam Kỳ Khởi Nghĩa - Nguyễn Văn Trỗi - Sân bay TSN (Ga T1/T2),"KDC Trung Sơn, ĐH Sài Gòn, Chợ Bến Thành, Dinh Độc Lập, Viện Pasteur, Bệnh viện Mêkông, Sân bay Tân Sơn Nhất"
153,Hai chiều,Bến tàu thủy Bình An,Đường Liên Phường,Bến tàu thủy Bình An - Trần Não - Thảo Điền - Mai Chí Thọ - Cao tốc HCM-LT-GD - Đỗ Xuân Hợp - Đường Liên Phường Thủ Đức,"Bến tàu thủy Bình An, Ga Thảo Điền, Masteri An Phú, Chung cư The Sun Avenue, Global City, Đường Liên Phường"
154,Hai chiều,ĐH Quản lý & Công nghệ (UMT),Masteri An Phú,ĐH UMT - Nguyễn Thị Định - Đồng Văn Cống - Mai Chí Thọ - Xa lộ Hà Nội - Masteri An Phú Thảo Điền,"ĐH UMT, TTHC TP Thủ Đức, KDC Văn Minh, The Sun Avenue, Vincom Mega Mall Thảo Điền, Ga An Phú"
155,Vòng tròn,Ga Bến Thành,Ga Nhà hát TP,Ga Bến Thành - Hàm Nghi - Tôn Đức Thắng - Cầu Khánh Hội - Bến Vân Đồn - Cầu Calmette - Nam Kỳ Khởi Nghĩa - Lê Lợi - Ga Nhà hát TP - Ga Bến Thành,"Ga Bến Thành, Chợ Bến Thành, Bến Vân Đồn, Bến Bạch Đằng, Ga Nhà hát Thành phố, Phố đi bộ Nguyễn Huệ"
156D/V,Hai chiều,Ga Bến Thành,Bệnh viện Mắt TP.HCM,Ga Bến Thành - Phạm Hồng Thái - CMT8 - Ga Sài Gòn (Ga Hòa Hưng) - Nguyễn Thông - Bà Huyện Thanh Quan - Bệnh viện Mắt TP.HCM,"Ga Bến Thành, Ga Sài Gòn (Hòa Hưng), Bệnh viện Mắt TP.HCM, ĐH Sài Gòn Cơ sở 3, Chợ Vườn Chuối"
157,Hai chiều,Bến xe buýt Văn Thánh,KDC Thạnh Mỹ Lợi,Bến xe Văn Thánh - Ga Thảo Điền - Trần Não - Mai Chí Thọ - Đồng Văn Cống - KDC Thạnh Mỹ Lợi Thủ Đức,"Bến xe Văn Thánh, Ga Văn Thánh, Ga Thảo Điền, Đảo Kim Cương, TTHC TP Thủ Đức, KDC Thạnh Mỹ Lợi"
158,Hai chiều,Bến xe buýt Văn Thánh,Cư xá Thanh Đa,Bến xe Văn Thánh - Ga Tân Cảng - Điện Biên Phủ - D2 (Nguyễn Gia Trí) - Ung Văn Khiêm - Cư xá Thanh Đa Bình Thạnh,"Bến xe Văn Thánh, Ga Tân Cảng, Pearl Plaza, ĐH Ngoại Thương CS2, ĐH HUTECH, Cư xá Thanh Đa"
159,Hai chiều,Ga Văn Thánh,Ga Tân Cảng,Ga Văn Thánh - Điện Biên Phủ - Cầu Sài Gòn - Ga Tân Cảng - Landmark 81 - Ga Văn Thánh,"Ga Metro Văn Thánh, ĐH Quốc Tế Hồng Bàng, Ga Metro Tân Cảng, Landmark 81 Vinhomes Central Park"
16,Hai chiều,Bến xe buýt Chợ Lớn,Bến xe buýt Tân Phú,BX Chợ Lớn - Hồng Bàng - Tân Hòa Đông - Mã Lò - Hương Lộ 2 - Lê Trọng Tấn - Bến xe buýt Tân Phú,"Bến xe Chợ Lớn, Chợ Bình Trị Đông, Bệnh viện Bình Tân, ĐH Công Thương TP.HCM, Bến xe Tân Phú"
160,Hai chiều,Ga Văn Thánh,Vinhomes Central Park,Ga Văn Thánh - Điện Biên Phủ - Nguyễn Hữu Cảnh - Vinhomes Central Park - Pearl Plaza,"Ga Metro Văn Thánh, Pearl Plaza, Vinhomes Central Park, Bệnh viện Đa khoa Quốc tế Vinmec"
161,Hai chiều,Bến xe buýt Văn Thánh,Bến xe Ngã tư Ga,BX Văn Thánh - Ga Tân Cảng - Đinh Bộ Lĩnh - Nguyễn Xí - Nơ Trang Long - Phan Văn Trị - Hà Huy Giáp - BX Ngã tư Ga,"Bến xe Văn Thánh, Ga Tân Cảng, Bến xe Miền Đông cũ, Emart Gò Vấp, Chợ An Nhơn, Bến xe Ngã tư Ga"
162,Hai chiều,Ga Thủ Đức,Ga Bình Thái,Ga Thủ Đức - Võ Văn Ngân - Lê Văn Việt - Man Thiện - Chung cư Man Thiện - Đỗ Xuân Hợp - Bến xe Ga Bình Thái,"Ga Metro Thủ Đức, Học viện Công nghệ BCVT, Chung cư Man Thiện, Bệnh viện Lê Văn Việt, Ga Bình Thái"
163D/V,Hai chiều,Ga Bình Thái,Cao đẳng Công Thương,Ga Bình Thái - Đỗ Xuân Hợp - Đường 339 - THCS Phước Bình - Tăng Nhơn Phú - Trường Cao đẳng Công Thương,"Ga Metro Bình Thái, Chợ Phước Bình, THCS Phước Bình, Cao đẳng Công Thương TP.HCM"
164D/V,Hai chiều,ĐH Nông Lâm,Chung cư Topaz,Bến xe ĐH Nông Lâm - Ga Metro KCNC - Ga ĐH Quốc Gia - KĐT ĐHQG - Chung cư Topaz Home 2,"Bến xe ĐH Nông Lâm, Ga Metro KCNC, Ga ĐH Quốc Gia, Ký túc xá Khu B ĐHQG, Chung cư Topaz"
165,Hai chiều,Đại học Nông Lâm,Khu Công nghệ cao,Bến xe ĐH Nông Lâm - Quốc lộ 1 - Ga KCNC - Đường D1 - Đường D2 - Viện Công nghệ cao SHTP,"Bến xe ĐH Nông Lâm, Ga Metro KCNC, Khu Công nghệ cao TP.HCM, Samsung CE Complex, ĐH FPT Sài Gòn"
166,Hai chiều,Đại học Quốc Gia,Suối Tiên,Ga ĐH Quốc Gia - Đường Vành Đai ĐHQG - Quảng trường Sáng tạo - Xa lộ Hà Nội - KDL Suối Tiên,"Ga Metro ĐH Quốc Gia, Quảng trường Sáng tạo, Trường ĐH Quốc Tế ĐHQG, KDL Suối Tiên"
167D/V,Hai chiều,ĐH Hutech,KCX Linh Trung 1,ĐH HUTECH (KCNC) - Ga KCNC - Xa lộ Hà Nội - Trường ĐH Kinh tế - Luật - Quốc lộ 1K - KCX Linh Trung 1,"ĐH HUTECH KCNC, Ga Metro KCNC, Trường ĐH Kinh tế Luật, Chợ Linh Xuân, KCX Linh Trung 1"
168D/V,Hai chiều,ĐH Ngân Hàng,Nhà Thiếu nhi TP Thủ Đức,ĐH Ngân Hàng TP.HCM - Hoàng Diệu 2 - Võ Văn Ngân - Ga Thủ Đức - Hồ Thị Tư - Nhà Thiếu nhi TP Thủ Đức,"ĐH Ngân Hàng TP.HCM, Chợ Thủ Đức, Ga Metro Thủ Đức, Vincom Thủ Đức, Nhà Thiếu nhi TP Thủ Đức"
169D/V,Hai chiều,Ga Metro Bình Thái,Cảng Phúc Long,Ga Bình Thái - Võ Văn Ngân - Vincom Thủ Đức - Đặng Văn Bi - Cảng Phúc Long ICD Thủ Đức,"Ga Metro Bình Thái, Vincom Thủ Đức, Chợ Bắc Ninh, Cảng Phúc Long ICD Trường Thọ"
170,Hai chiều,Bến xe buýt khu A,Bến xe buýt khu B,Bến xe Khu A ĐH Quốc gia - Ga ĐH Quốc gia - Đường A1 - Ký túc xá Khu A - Quảng trường Sáng tạo - Bến xe Khu B ĐHQG,"Bến xe Khu A ĐHQG, Ga Metro ĐH Quốc gia, Ký túc xá Khu A, Trung tâm Giáo dục Quốc phòng, Bến xe Khu B ĐHQG"
171,Lượt đi,Bến xe Phú Chánh,Bến Thành,Bến xe Phú Chánh - TTHC Bình Dương - Đại lộ Bình Dương - Quốc lộ 13 - Đinh Bộ Lĩnh - Điện Biên Phủ - Bến Thành,"Bến xe Phú Chánh, TTHC Tỉnh Bình Dương, Tòa nhà WTC Becamex, Bến xe Miền Đông, Chợ Bến Thành"
171,Lượt về,Bến Thành,Bến xe Phú Chánh,Bến xe Sài Gòn - CMT8 - Điện Biên Phủ - Xô Viết Nghệ Tĩnh - Quốc lộ 13 - Đại lộ Bình Dương - TTHC Bình Dương - BX Phú Chánh,"Bến Thành, Hàng Xanh, Cầu Bình Triệu, Aeon Mall Bình Dương Canary, TTHC Bình Dương, BX Phú Chánh"
172,Hai chiều,Bến xe Vũng Tàu,Bến Thành,Bến xe Vũng Tàu - QL51 - TTHC Bà Rịa Vũng Tàu - Cao tốc HCM-Long Thành - Mai Chí Thọ - Hầm sông Sài Gòn - Bến xe Sài Gòn,"Bến xe Vũng Tàu, Bãi Sau, TTHC Tỉnh Bà Rịa Vũng Tàu, Hầm Thủ Thiêm, Ga Bến Thành, Chợ Bến Thành"
173,Hai chiều,Trung tâm Côn Đảo,Cỏ Ống,Chợ Côn Đảo - Đường Trần Phú - Đường Cỏ Ống - Bãi Đầm Trầu - Cảng hàng không Côn Đảo (Cỏ Ống),"Chợ Côn Đảo, Nghĩa trang Hàng Dương, Bãi Đầm Trầu, Sân bay Côn Đảo"
18,Hai chiều,Bến Thành,Chợ Hiệp Thành,Bến xe Sài Gòn - Pasteur - Lê Duẩn - Đinh Tiên Hoàng - Nơ Trang Long - Phan Văn Trị - Quang Trung - Bến xe Hiệp Thành,"Bến Thành, Thảo Cầm Viên, Bệnh viện Ung Bướu, Emart Gò Vấp, Chợ Hạnh Thông Tây, Bến xe Hiệp Thành"
19,Lượt đi,Bến Thành,Đại học Quốc gia,Bến xe Sài Gòn - Hàm Nghi - Tôn Đức Thắng - Đinh Tiên Hoàng - Quốc lộ 13 - Quốc lộ 1 - ĐH Nông Lâm - Bến xe Khu A ĐH Quốc Gia,"Bến Thành, Bến Bạch Đằng, ĐH KHXH&NV, Bến xe Miền Đông cũ, ĐH Nông Lâm, Bến xe Khu A ĐH Quốc Gia TP.HCM"
19,Lượt về,Đại học Quốc gia,Bến Thành,Bến xe Khu A ĐHQG - Quốc lộ 1 - Quốc lộ 13 - Đinh Bộ Lĩnh - Điện Biên Phủ - Hai Bà Trưng - Lê Duẩn - Nam Kỳ Khởi Nghĩa - Bến Thành,"KĐT ĐH Quốc Gia, Cầu Bình Triệu, Hàng Xanh, Công viên 30/4, Nhà thờ Đức Bà, Bến Thành"
20,Hai chiều,Bến Thành,Nhà Bè,Bến xe Sài Gòn - Cầu Khánh Hội - Nguyễn Tất Thành - Huỳnh Tấn Phát - Bến phà Bình Khánh (Nhà Bè),"Bến Thành, Bến Nhà Rồng, ĐH Nguyễn Tất Thành, KCX Tân Thuận, Cầu Phú Mỹ, Bến phà Bình Khánh Nhà Bè"
22,Hai chiều,Bến xe buýt Quận 8,Bến xe buýt Lê Minh Xuân,BX Quận 8 - Tùng Thiện Vương - Quốc lộ 50 - Nguyễn Văn Linh - Chợ đầu mối Bình Điền - Cầu Chợ Đệm - Láng Le Bàu Cò - Bến xe Lê Minh Xuân,"Bến xe Quận 8, Chợ đầu mối Bình Điền, Cầu Chợ Đệm, KCN Lê Minh Xuân, Bến xe buýt Lê Minh Xuân"
23,Hai chiều,Bến xe buýt Chợ Lớn,Cầu Lớn,BX Chợ Lớn - Hồng Bàng - Lãnh Binh Thăng - Hòa Bình - Lũy Bán Bích - Âu Cơ - Trường Chinh - Phan Văn Hớn - Ngã 3 Giồng - Cầu Lớn Hóc Môn,"Bến xe Chợ Lớn, Đầm Sen, Chợ Bà Quẹo, Ngã ba Giồng di tích lịch sử, Chợ Xuân Thới Thượng, Cầu Lớn Hóc Môn"
24,Hai chiều,Bến xe Miền Đông,Hóc Môn,BX Miền Đông cũ - Bạch Đằng - Phan Đăng Lưu - Hoàng Văn Thụ - Phan Huy Ích - Quang Trung - Tô Ký - Cầu An Hạ - Bến xe Hóc Môn,"Bến xe Miền Đông, Chợ Bà Chiểu, Ngã 4 Bảy Hiền, Chợ Cầu, CVPM Quang Trung, Chợ Hóc Môn, Bến xe Hóc Môn"
25,Hai chiều,Bến Xe buýt Quận 8,Khu dân cư Vĩnh Lộc A,BX Quận 8 - Cầu Chà Và - Hải Thượng Lãn Ông - Hồng Bàng - An Dương Vương - Tên Lửa - Tỉnh lộ 10 - Võ Văn Vân - KDC Vĩnh Lộc A,"Bến xe Quận 8, Chợ Lớn, TTTM Aeon Mall Bình Tân, Chợ Bà Hom, KDC Vĩnh Lộc A Bình Chánh"
27,Hai chiều,Bến xe buýt Sài Gòn,Bến xe An Sương,Bến xe Sài Gòn - Trần Hưng Đạo - Nguyễn Tri Phương - 3 Tháng 2 - Âu Cơ - Trường Chinh - Quốc lộ 22 - Bến xe An Sương,"Bến xe Sài Gòn, Chợ An Đông, Rạp hát Hòa Bình, Chợ Tân Bình, Bến xe An Sương"
28,Hai chiều,Bến xe buýt Sài Gòn,Chợ Xuân Thới Thượng,Bến xe Sài Gòn - Cách Mạng Tháng 8 - Lê Văn Sỹ - Lăng Cha Cả - Cộng Hòa - Trường Chinh - Phan Văn Hớn - Ngã tư Vĩnh Lộc - Chợ Xuân Thới Thượng,"Bến xe Sài Gòn, Chợ Tân Định, ĐH Sư Phạm CS2, Ga Sài Gòn, Pico Plaza, Chợ Xuân Thới Thượng Hóc Môn"
29,Hai chiều,Phà Cát Lái,Chợ nông sản Thủ Đức,Bến phà Cát Lái - Nguyễn Thị Định - Đỗ Xuân Hợp - Tây Hòa - Đặng Văn Bi - Võ Văn Ngân - Tô Ngọc Vân - Quốc lộ 1 - Chợ nông sản Thủ Đức,"Phà Cát Lái, Cảng Cát Lái, Cao đẳng Công Thương, Vincom Thủ Đức, Chợ đầu mối Nông sản Thủ Đức"
30,Hai chiều,Chợ Tân Hương,Bến xe buýt Văn Thánh,Chợ Tân Hương - Tân Hương - Lũy Bán Bích - Thoại Ngọc Hầu - Âu Cơ - CMT8 - Phạm Ngọc Thạch - Điện Biên Phủ - Bến xe Văn Thánh,"Chợ Tân Hương, ĐH Bách Khoa, Hồ Con Rùa, Nhà Văn hóa Thanh Niên, ĐH Kinh Tế, Ga Văn Thánh"
31,Hai chiều,Đại Học Tôn Đức Thắng,Đại học Văn Lang,ĐH Tôn Đức Thắng - Nguyễn Hữu Thọ - Bến Thành - Hai Bà Trưng - Trần Quang Khải - Cầu Bông - Nơ Trang Long - Đặng Thùy Trâm - ĐH Văn Lang (Cơ sở 3),"ĐH Tôn Đức Thắng, Lotte Mart Q7, Chợ Bến Thành, Chợ Tân Định, Bệnh viện Ung Bướu, Trường ĐH Văn Lang CS3"
32,Hai chiều,Bến xe Miền Tây,Bến xe Ngã tư Ga,BX Miền Tây - Kinh Dương Vương - Lũy Bán Bích - Trường Chinh - Phan Huy Ích - Phạm Văn Chiêu - Thống Nhất - Nguyễn Oanh - Bến xe Ngã tư Ga,"Bến xe Miền Tây, Đầm Sen, Ngã ba Chợ Cầu, Bệnh viện Gò Vấp, Ngã tư Ga, Bến xe Ngã tư Ga"
33,Hai chiều,Bến xe An Sương,Đại học Quốc gia,BX An Sương - Quốc lộ 1 - Ngã tư Bình Phước - Cầu vượt Gò Dưa - Cầu vượt Trạm 2 - KDL Suối Tiên - Bến xe Khu A ĐH Quốc Gia TP.HCM,"Bến xe An Sương, Ngã 4 Ga, Chợ đầu mối Thủ Đức, ĐH Nông Lâm, KDL Suối Tiên, Bến xe Khu A ĐH Quốc Gia"
34,Hai chiều,Bến xe buýt Sài Gòn,Bến xe buýt Quận 8,Bến xe Sài Gòn - Hoàng Diệu - Khánh Hội - Lê Văn Lương - Nguyễn Thị Thập - Đường số 9 - Phạm Hùng - Bến xe Quận 8,"Bến xe Sài Gòn, Cầu Ông Lãnh, Lotte Mart Quận 7, Bệnh viện Quận 7, KDC Him Lam, Bến xe Quận 8"