HỆ THỐNG DỮ LIỆU MẠNG LƯỚI XE BUS & METRO TP.HỒ CHÍ MINH - MASTER DATA (CLOUD WEB APP),,,,,,,,,,,,,,
KPI MẠNG LƯỚI,TỔNG SỐ TUYẾN,,TUYẾN CÓ TRỢ GIÁ,,CỰ LY BÌNH QUÂN,,TỔNG LƯỢT CHUYẾN/NGÀY,,GIÁ VÉ PHỔ THÔNG TB,,GIÁ VÉ HSSV TB,,THỜI GIAN CHUYẾN TB,
CẬP NHẬT 2026,74,,67,,"19,7 km",,10.650 chuyến,,8.095 ₫,,5.338 ₫,,"57,9 phút",
route_id,route_name,operator_name,operator_phone,operation_type,is_subsidized,distance_km,capacity_seats,start_time,end_time,fare_regular_vnd,fare_student_vnd,trips_per_day,trip_duration_min,headway_min
01,Ga Ba Son - Bến xe buýt Chợ Lớn,Cty Phương Trang FutaBusLines,1900638494,Phổ thông,TRUE,"9,62",40,05:00,22:00,5.000 ₫,3.000 ₫,216,"40,0","14,0"
03,Bến Thành - Thạnh Xuân,Cty Phương Trang FutaBusLines,1900638494,Phổ thông,TRUE,"20,60",60,04:00,21:00,6.000 ₫,3.000 ₫,260,"62,5","10,0"
04,Bến Thành - Cộng Hòa - Bến xe An Sương,Cty Phương Trang,1900638494,Phổ thông,TRUE,"16,42",30,05:00,22:00,6.000 ₫,3.000 ₫,212,"70,0","14,0"
SWB1,Bạch Đằng - Linh Đông,Cty TNHH Thường Nhật,1900636830,Du lịch,FALSE,"10,80",75,07:10,18:20,15.000 ₫,15.000 ₫,12,"47,0","55,0"
MRT1,Bến Thành - Suối Tiên,Cty TNHH MTV Đường sắt đô thị số 1,1900638494,Phổ thông,TRUE,"18,82",930,05:00,22:00,6.000 ₫,3.000 ₫,228,"29,0","15,0"
HS-07,Đường Rừng Sác - Trường THPT Bình Khánh,HTX Tân Tiến,18001557,Học sinh,TRUE,"2,60",29,06:15,16:39,0 ₫,0 ₫,61,"65,0","1,0"
HS-06,Bà Xán - Trường THPT Bình Khánh,HTX Tân Tiến,18001557,Học sinh,TRUE,"7,10",29,06:00,17:11,0 ₫,0 ₫,8,"11,0","10,0"
05,Bến xe buýt Chợ Lớn - Bến xe Biên Hòa,HTX Quyết Thắng & Cty Vĩnh Phú,028-38642712,Phổ thông,FALSE,"38,00",40,04:50,17:50,25.000 ₫,25.000 ₫,56,"100,0","35,0"
06,Bến xe buýt Chợ Lớn - Đại học Nông Lâm,Cty Xe khách Sài Gòn,028-39505505,Phổ thông,TRUE,"26,50",72,04:55,21:00,7.000 ₫,3.000 ₫,156,"70,0","11,5"
07,Bến xe buýt Chợ Lớn - Gò Vấp,Cty Phương Trang,1900638494,Phổ thông,TRUE,"15,50",55,04:00,20:00,6.000 ₫,3.000 ₫,134,"65,0","15,0"
08,Bến xe buýt Quận 8 - Đại học Quốc gia,Cty Phương Trang,1900638494,Phổ thông,TRUE,"32,70",80,04:30,22:00,7.000 ₫,3.000 ₫,336,"105,0","9,5"
09,Bến xe buýt Chợ Lớn - Bình Chánh - Hưng Long,Cty Phương Trang,1900638494,Phổ thông,TRUE,"25,00",60,03:45,19:30,7.000 ₫,3.000 ₫,170,"70,0","11,5"
10,Đại học Quốc Gia - Bến xe Miền Tây,Cty Xe khách Sài Gòn,028-39505505,Phổ thông,TRUE,"30,85",60,04:45,21:00,7.000 ₫,3.000 ₫,102,"85,0","20,0"
100,Bến xe Củ Chi - Cầu Tân Thái,Cty Phương Trang,1900638494,Phổ thông,TRUE,"16,50",55,04:45,21:00,6.000 ₫,3.000 ₫,136,"35,0","14,0"
101,Bến xe buýt Chợ Lớn - Chợ Tân Nhựt,Cty Phương Trang,1900638494,Phổ thông,TRUE,"19,85",30,05:00,20:30,6.000 ₫,3.000 ₫,134,"55,0","15,0"
102,Bến xe buýt Sài Gòn - Nguyễn Văn Linh - Bến xe Miền Tây,Cty Phương Trang,1900638494,Phổ thông,TRUE,"32,72",60,04:30,19:00,7.000 ₫,3.000 ₫,116,"80,0","16,0"
103,Bến xe buýt Chợ Lớn - Bến xe Ngã tư Ga,Cty Phương Trang,1900638494,Phổ thông,TRUE,"24,90",30,05:00,20:30,6.000 ₫,3.000 ₫,142,"85,0","12,5"
104,Bến xe An Sương - Bến xe buýt Văn Thánh,Cty Phương Trang,1900638494,Phổ thông,TRUE,"16,10",60,04:30,22:00,6.000 ₫,3.000 ₫,210,"45,0","13,0"
107,Bến xe Củ Chi - Bố Heo,Cty Phương Trang,1900638494,Phổ thông,TRUE,"15,60",55,04:45,20:00,6.000 ₫,3.000 ₫,84,"30,0","22,5"
109,Bến xe buýt Sài Gòn - Sân bay Tân Sơn Nhất,Cty Phương Trang,1900638494,Phổ thông,FALSE,"9,30",30,05:30,22:15,15.000 ₫,15.000 ₫,48,"45,0","42,5"
110,Hiệp Phước - Phước Lộc,Cty Phương Trang,1900638494,Phổ thông,TRUE,"26,30",40,04:45,20:00,7.000 ₫,3.000 ₫,134,"65,0","13,5"
122,Bến xe An Sương - Tân Quy,HTX 19/5,18001557,Phổ thông,TRUE,"19,80",60,04:45,19:30,6.000 ₫,3.000 ₫,250,"50,0","9,0"
126,Bến xe Củ Chi - Bình Mỹ,Cty Phương Trang,1900638494,Phổ thông,TRUE,"19,40",30,04:45,20:00,6.000 ₫,3.000 ₫,180,"40,0","11,5"
127,An Thới Đông - Ngã ba Bà Xán,Cty Vinbus,1900866663,Phổ thông,TRUE,"18,00",30,05:00,20:00,6.000 ₫,3.000 ₫,120,"40,0","19,0"
128,Tân Điền - An Nghĩa,Cty Phương Trang,1900638494,Phổ thông,TRUE,"24,90",30,05:00,20:00,6.000 ₫,3.000 ₫,82,"50,0","29,0"
13,Bến xe buýt Sài Gòn - Bến xe Củ Chi,HTX Quyết Tiến & HTX 19/5,18001557,Phổ thông,FALSE,"36,00",45,04:00,19:45,23.000 ₫,10.000 ₫,90,"80,0","19,5"
139,Bến xe Miền Tây - Khu Tái Định Cư Phú Mỹ,Cty Phương Trang,1900638494,Phổ thông,TRUE,"22,00",40,04:45,22:00,6.000 ₫,3.000 ₫,148,"70,0","15,0"
14,Bến xe Miền Đông - Bến xe Miền Tây,Cty Phương Trang,1900638494,Phổ thông,TRUE,"16,40",55,04:00,20:30,6.000 ₫,3.000 ₫,210,"60,0","9,0"
140,Bến xe buýt Sài Gòn - Phạm Thế Hiển - Khu dân cư Phú Lợi,Cty Vinbus,1900866663,Phổ thông,TRUE,"21,40",30,05:00,21:00,6.000 ₫,3.000 ₫,130,"70,0","16,0"
141,Khu du lịch BCR - Long Trường - KCX Linh Trung II,Cty Phương Trang,1900638494,Phổ thông,TRUE,"21,80",60,05:00,19:30,6.000 ₫,3.000 ₫,198,"65,0","11,0"
145,Bến xe buýt Chợ Lớn - Chợ Hiệp Thành,Cty Phương Trang,1900638494,Phổ thông,TRUE,"23,00",60,04:30,20:30,6.000 ₫,3.000 ₫,134,"70,0","13,5"
146,Bến xe Miền Đông - Chợ Hiệp Thành,Cty Phương Trang,1900638494,Phổ thông,TRUE,"19,00",30,04:45,20:30,6.000 ₫,3.000 ₫,142,"65,0","12,5"
148,Bến xe Miền Tây - Gò Vấp,Cty Vinbus,1900866663,Phổ thông,TRUE,"16,70",30,04:45,21:00,6.000 ₫,3.000 ₫,154,"60,0","15,0"
15,Chợ Phú Định - Đầm Sen,Cty Phương Trang,1900638494,Phổ thông,TRUE,"17,10",30,04:45,21:00,6.000 ₫,3.000 ₫,140,"50,0","14,0"
150,Bến xe buýt Chợ Lớn - Bến xe Miền Đông mới,Cty Vinbus,1900866663,Phổ thông,TRUE,"26,60",60,04:00,22:00,7.000 ₫,3.000 ₫,180,"75,0","12,5"
151,Bến xe Miền Tây - Bến xe An Sương,Cty Phương Trang,1900638494,Phổ thông,TRUE,"17,20",60,04:00,20:00,6.000 ₫,3.000 ₫,216,"50,0","11,0"
152,KDC Trung Sơn - Bến Thành - Sân bay Tân Sơn Nhất,Cty Phương Trang,1900638494,Phổ thông,TRUE,"14,55",30,05:00,22:00,5.000 ₫,3.000 ₫,144,"55,0","16,0"
153,Bến tàu thủy Bình An - Đường Liên Phường,Cty Phương Trang,1900638494,Phổ thông,TRUE,"16,70",30,05:00,22:30,6.000 ₫,3.000 ₫,158,"55,0","19,0"
154,ĐH Quản lý & Công nghệ (UMT) - Masteri An Phú,Cty Phương Trang,1900638494,Phổ thông,TRUE,"16,85",30,05:05,22:10,6.000 ₫,3.000 ₫,158,"55,0","15,0"
155,Ga Bến Thành - Bến Vân Đồn - Ga Nhà hát TP,Cty Phương Trang,1900638494,Phổ thông,TRUE,"6,40",30,05:00,22:00,5.000 ₫,3.000 ₫,57,"30,0","22,5"
156D/V,Ga Bến Thành - Ga Hòa Hưng - Bệnh viện Mắt TP.HCM,Cty Phương Trang,1900638494,Phổ thông,TRUE,"7,35",30,05:00,22:05,5.000 ₫,3.000 ₫,57,"30,0","17,5"
157,Bến xe buýt Văn Thánh - KDC Thạnh Mỹ Lợi,Cty Phương Trang,1900638494,Phổ thông,TRUE,"15,50",30,05:00,22:05,6.000 ₫,3.000 ₫,158,"55,0","12,5"
158,Bến xe buýt Văn Thánh - Cư xá Thanh Đa,Cty Phương Trang,1900638494,Phổ thông,TRUE,"9,80",30,05:00,22:00,5.000 ₫,3.000 ₫,79,"27,5","12,5"
159,Ga Văn Thánh - Điện Biên Phủ - Ga Tân Cảng,Cty Phương Trang,1900638494,Phổ thông,TRUE,"7,00",30,05:00,22:00,5.000 ₫,3.000 ₫,79,"20,0","20,0"
16,Bến xe buýt Chợ Lớn - Bến xe buýt Tân Phú,Cty Phương Trang,1900638494,Phổ thông,TRUE,"16,80",60,05:00,19:00,6.000 ₫,3.000 ₫,100,"55,0","16,0"
160,Ga Văn Thánh - Vinhomes Central Park,Cty Phương Trang,1900638494,Phổ thông,TRUE,"4,10",30,05:00,22:00,5.000 ₫,3.000 ₫,57,"15,0","17,5"
161,Bến xe buýt Văn Thánh - Bến xe Ngã tư Ga,Cty Phương Trang,1900638494,Phổ thông,TRUE,"15,25",60,05:00,22:05,6.000 ₫,3.000 ₫,180,"52,5","11,5"
162,Ga Thủ Đức - Chung cư Man Thiện - Ga Bình Thái,Cty Phương Trang,1900638494,Phổ thông,TRUE,"10,00",30,05:00,22:05,5.000 ₫,3.000 ₫,158,"30,0","12,5"
163D/V,Ga Bình Thái - THCS Phước Bình - Cao đẳng Công Thương,Cty Phương Trang,1900638494,Phổ thông,TRUE,"8,00",30,05:00,22:00,5.000 ₫,3.000 ₫,79,"25,0","12,5"
164D/V,ĐH Nông Lâm - Ga Metro KCNC - Chung cư Topaz,Cty Phương Trang,1900638494,Phổ thông,TRUE,"10,40",30,05:00,22:00,5.000 ₫,3.000 ₫,79,"35,0","12,5"
165,Đại học Nông Lâm - Khu Công nghệ cao,Cty Phương Trang,1900638494,Phổ thông,TRUE,"16,00",30,05:00,22:00,6.000 ₫,3.000 ₫,79,"60,0","12,5"
166,Đại học Quốc Gia - Suối Tiên,Cty Phương Trang,1900638494,Phổ thông,TRUE,"6,60",60,05:00,22:00,5.000 ₫,3.000 ₫,94,"20,0","11,5"
167D/V,ĐH Hutech - Ga KCNC - ĐH Kinh tế Luật - KCX Linh Trung 1,Cty Phương Trang,1900638494,Phổ thông,TRUE,"13,50",60,05:00,22:00,5.000 ₫,3.000 ₫,89,"55,0","11,0"
168D/V,ĐH Ngân Hàng - Ga Thủ Đức - Nhà Thiếu nhi TP Thủ Đức,Cty Phương Trang,1900638494,Phổ thông,TRUE,"6,10",30,05:00,22:00,5.000 ₫,3.000 ₫,79,"25,0","12,5"
169D/V,Ga Metro Bình Thái - Vincom Thủ Đức - Cảng Phúc Long,Cty Phương Trang,1900638494,Phổ thông,TRUE,"7,70",30,05:00,22:05,5.000 ₫,3.000 ₫,79,"25,0","12,5"
170,Bến xe buýt khu A - Bến xe buýt khu B (ĐH Quốc Gia),Cty Phương Trang,1900638494,Phổ thông,TRUE,"15,45",30,05:00,22:00,6.000 ₫,3.000 ₫,200,"45,0","11,5"
171,Bến xe Phú Chánh - TTHC Bình Dương - Bến Thành,Cty Phương Trang,1900638494,Phổ thông,FALSE,"46,00",60,05:00,20:00,40.000 ₫,40.000 ₫,68,"100,0","37,5"
172,Bến xe Vũng Tàu - TTHC Bà Rịa Vũng Tàu - Bến Thành,Cty Phương Trang,1900638494,Phổ thông,FALSE,"97,00",40,04:00,21:30,70.000 ₫,70.000 ₫,84,"195,0","30,0"
173,Trung tâm Côn Đảo - Cỏ Ống,Cty Tập đoàn Côn Đảo,0254-3830399,Phổ thông,FALSE,"17,10",30,04:15,19:00,25.000 ₫,25.000 ₫,120,"30,0","12,5"
18,Bến Thành - Chợ Hiệp Thành,Cty Phương Trang,1900638494,Phổ thông,TRUE,"22,73",60,04:30,22:00,6.000 ₫,3.000 ₫,180,"75,0","11,5"
19,Bến Thành - KCX Linh Trung - Đại học Quốc gia,HTX 19/5,18001557,Phổ thông,TRUE,"27,43",63,05:00,20:15,7.000 ₫,3.000 ₫,200,"80,0","10,0"
20,Bến Thành - Nhà Bè,Cty Vận tải 26,028-66832179,Phổ thông,TRUE,"16,93",50,04:20,21:15,6.000 ₫,3.000 ₫,300,"50,0","11,0"
22,Bến xe buýt Quận 8 - Bến xe buýt Lê Minh Xuân,Cty Phương Trang,1900638494,Phổ thông,TRUE,"24,90",30,04:20,21:00,6.000 ₫,3.000 ₫,138,"75,0","16,0"
23,Bến xe buýt Chợ Lớn - Ngã ba Giồng - Cầu Lớn,Cty Phương Trang,1900638494,Phổ thông,TRUE,"23,45",60,04:00,20:30,6.000 ₫,3.000 ₫,152,"75,0","12,5"
24,Bến xe Miền Đông - Hóc Môn,Cty Phương Trang,1900638494,Phổ thông,TRUE,"27,20",60,04:00,20:30,7.000 ₫,3.000 ₫,276,"75,0","8,5"
25,Bến Xe buýt Quận 8 - Khu dân cư Vĩnh Lộc A,Cty Phương Trang,1900638494,Phổ thông,TRUE,"22,30",60,04:30,21:00,6.000 ₫,3.000 ₫,140,"60,0","15,0"
27,Bến xe buýt Sài Gòn - Âu Cơ - Bến xe An Sương,Cty Phương Trang,1900638494,Phổ thông,TRUE,"15,60",40,04:45,21:00,6.000 ₫,3.000 ₫,164,"65,0","12,5"
28,Bến xe buýt Sài Gòn - Chợ Xuân Thới Thượng,Cty Phương Trang,1900638494,Phổ thông,TRUE,"26,45",30,04:45,20:30,7.000 ₫,3.000 ₫,138,"80,0","12,5"
29,Phà Cát Lái - Chợ nông sản Thủ Đức,Cty Phương Trang,1900638494,Phổ thông,TRUE,"20,75",55,05:00,19:30,6.000 ₫,3.000 ₫,162,"70,0","11,5"
30,Chợ Tân Hương - Bến xe buýt Văn Thánh,Cty Phương Trang,1900638494,Phổ thông,TRUE,"18,30",60,05:00,22:00,6.000 ₫,3.000 ₫,154,"50,0","15,0"
31,Đại Học Tôn Đức Thắng - Bến Thành - Đại học Văn Lang,Cty Phương Trang,1900638494,Phổ thông,TRUE,"21,27",60,05:00,22:00,6.000 ₫,3.000 ₫,152,"80,0","15,0"
32,Bến xe Miền Tây - Bến xe Ngã tư Ga,Cty Vinbus,1900866663,Phổ thông,TRUE,"24,80",60,04:00,21:00,6.000 ₫,3.000 ₫,226,"85,0","9,0"
33,Bến xe An Sương - Suối Tiên - Đại học Quốc gia,Cty Vinbus,1900866663,Phổ thông,TRUE,"25,00",60,04:30,22:00,6.000 ₫,3.000 ₫,362,"55,0","9,5"
34,Bến xe buýt Sài Gòn - Bến xe buýt Quận 8,Cty Phương Trang,1900638494,Phổ thông,TRUE,"20,40",30,04:45,22:00,6.000 ₫,3.000 ₫,142,"60,0","15,0"